{
  "clientes": [
    {
      "id": 1,
      "nome": "Victor",
      "comentarios": "O restaurante possui um excelente atendimento",
      "imagem": "victor"
    },
    {
      "id": 2,
      "nome": "Yago",
      "comentarios": "O restaurante é Horrível",
      "imagem": "victor"
    },
    {
      "id": 3,
      "nome": "Maju",
      "comentarios": "O restaurante é Legal",
      "imagem": "victor"
    }
  ],
  "contatos": [
    {
      "nome": "",
      "email": "",
      "comentario": "",
      "id": 1
    },
    {
      "nome": "",
      "email": "",
      "comentario": "",
      "id": 2
    },
    {
      "nome": "",
      "email": "",
      "comentario": "",
      "id": 3
    },
    {
      "nome": "",
      "email": "",
      "comentario": "",
      "id": 4
    },
    {
      "nome": "adsfasdasd",
      "email": "",
      "comentario": "",
      "id": 5
    },
    {
      "nome": "adsfasdasd",
      "email": "",
      "comentario": "",
      "id": 6
    },
    {
      "nome": "adsfasdasd",
      "email": "",
      "comentario": "",
      "id": 7
    },
    {
      "nome": "Maju",
      "email": "",
      "comentario": "",
      "id": 8
    },
    {
      "nome": "Maju",
      "email": "",
      "comentario": "",
      "id": 9
    },
    {
      "nome": "Rodrigo",
      "email": "",
      "comentario": "",
      "id": 10
    },
    {
      "nome": "Rodrigo",
      "email": "rodrigo@gmail.com",
      "comentario": "123123",
      "id": 11
    }
  ],
  "info" : [
    
  ]
}